Datetime,Water Level (m)
2026-06-12 12:00:00,-0.97199655
2026-06-12 13:00:00,-0.10681776
2026-06-12 14:00:00,0.7682646
2026-06-12 15:00:00,1.4373634
2026-06-12 16:00:00,1.7628118
2026-06-12 17:00:00,1.721221
2026-06-12 18:00:00,1.2733334
2026-06-12 19:00:00,0.507653
2026-06-12 20:00:00,-0.37540996
2026-06-12 21:00:00,-1.1553767
2026-06-12 22:00:00,-1.7611462
2026-06-12 23:00:00,-1.954114
2026-06-13 00:00:00,-1.2306181
2026-06-13 01:00:00,-0.049959853
2026-06-13 02:00:00,1.0339919
2026-06-13 03:00:00,1.8911405
2026-06-13 04:00:00,2.3761418
2026-06-13 05:00:00,2.491664
2026-06-13 06:00:00,2.185007
2026-06-13 07:00:00,1.4749134
2026-06-13 08:00:00,0.5515239
2026-06-13 09:00:00,-0.3799036
2026-06-13 10:00:00,-1.156298
2026-06-13 11:00:00,-1.7401336
2026-06-13 12:00:00,-1.8401077
2026-06-13 13:00:00,-0.999739
2026-06-13 14:00:00,0.12954411
2026-06-13 15:00:00,1.0968405
2026-06-13 16:00:00,1.745052
2026-06-13 17:00:00,1.9862071
2026-06-13 18:00:00,1.8264297
2026-06-13 19:00:00,1.2613689
2026-06-13 20:00:00,0.4331939
2026-06-13 21:00:00,-0.4863788
2026-06-13 22:00:00,-1.2934121
2026-06-13 23:00:00,-1.9079776
2026-06-14 00:00:00,-2.0645862
2026-06-14 01:00:00,-1.155957
2026-06-14 02:00:00,0.16084152
2026-06-14 03:00:00,1.3494824
2026-06-14 04:00:00,2.2519178
2026-06-14 05:00:00,2.721992
2026-06-14 06:00:00,2.757187
2026-06-14 07:00:00,2.2992792
2026-06-14 08:00:00,1.4749002
2026-06-14 09:00:00,0.45920596
2026-06-14 10:00:00,-0.5278664
2026-06-14 11:00:00,-1.3608011
2026-06-14 12:00:00,-1.8970879
2026-06-14 13:00:00,-1.9333967
2026-06-14 14:00:00,-0.8952888
2026-06-14 15:00:00,0.30602098
2026-06-14 16:00:00,1.3297017
2026-06-14 17:00:00,1.9567516
2026-06-14 18:00:00,2.154891
2026-06-14 19:00:00,1.9285101
2026-06-14 20:00:00,1.2623748
2026-06-14 21:00:00,0.36902896
2026-06-14 22:00:00,-0.57692826
2026-06-14 23:00:00,-1.4132441
2026-06-15 00:00:00,-2.0128133
2026-06-15 01:00:00,-2.0531034
2026-06-15 02:00:00,-0.8814199
2026-06-15 03:00:00,0.44922185
2026-06-15 04:00:00,1.6420692
2026-06-15 05:00:00,2.4616446
2026-06-15 06:00:00,2.8786938
2026-06-15 07:00:00,2.8366992
2026-06-15 08:00:00,2.2625246
2026-06-15 09:00:00,1.3672154
2026-06-15 10:00:00,0.30341718
2026-06-15 11:00:00,-0.69483197
2026-06-15 12:00:00,-1.4913096
2026-06-15 13:00:00,-2.0490015
2026-06-15 14:00:00,-1.9574996
2026-06-15 15:00:00,-0.68910503
2026-06-15 16:00:00,0.48225638
2026-06-15 17:00:00,1.4851958
2026-06-15 18:00:00,2.035292
2026-06-15 19:00:00,2.1688235
2026-06-15 20:00:00,1.8755289
2026-06-15 21:00:00,1.1301022
2026-06-15 22:00:00,0.20621099
2026-06-15 23:00:00,-0.7484064
2026-06-16 00:00:00,-1.5733856
2026-06-16 01:00:00,-2.101663
2026-06-16 02:00:00,-2.014549
2026-06-16 03:00:00,-0.7354835
2026-06-16 04:00:00,0.5736862
2026-06-16 05:00:00,1.8173126
2026-06-16 06:00:00,2.623023
2026-06-16 07:00:00,2.9612663
2026-06-16 08:00:00,2.8085217
2026-06-16 09:00:00,2.1198936
2026-06-16 10:00:00,1.1597052
2026-06-16 11:00:00,0.06592389
2026-06-16 12:00:00,-0.91404134
2026-06-16 13:00:00,-1.6922417
2026-06-16 14:00:00,-2.135714
2026-06-16 15:00:00,-1.815966
2026-06-16 16:00:00,-0.46254414
2026-06-16 17:00:00,0.68849605
2026-06-16 18:00:00,1.6507239
2026-06-16 19:00:00,2.1228223
2026-06-16 20:00:00,2.1839654
2026-06-16 21:00:00,1.8160789
2026-06-16 22:00:00,1.0108031
2026-06-16 23:00:00,0.067097485
2026-06-17 00:00:00,-0.8741304
2026-06-17 01:00:00,-1.6448182
2026-06-17 02:00:00,-2.1162117
2026-06-17 03:00:00,-1.8182894
2026-06-17 04:00:00,-0.42029807
2026-06-17 05:00:00,0.85572803
2026-06-17 06:00:00,2.0295188
2026-06-17 07:00:00,2.7076612
2026-06-17 08:00:00,2.9252732
2026-06-17 09:00:00,2.6590567
2026-06-17 10:00:00,1.8888528
2026-06-17 11:00:00,0.89655805
2026-06-17 12:00:00,-0.16492471
2026-06-17 13:00:00,-1.1134411
2026-06-17 14:00:00,-1.8232037
2026-06-17 15:00:00,-2.1537342
2026-06-17 16:00:00,-1.5735024
2026-06-17 17:00:00,-0.21064
2026-06-17 18:00:00,0.90767926
2026-06-17 19:00:00,1.8034723
2026-06-17 20:00:00,2.2082386
2026-06-17 21:00:00,2.1735768
2026-06-17 22:00:00,1.7189021
2026-06-17 23:00:00,0.8995978
2026-06-18 00:00:00,-0.03344347
2026-06-18 01:00:00,-0.94076484
2026-06-18 02:00:00,-1.6242503
2026-06-18 03:00:00,-1.961769
2026-06-18 04:00:00,-1.4466565
2026-06-18 05:00:00,-0.073427014
2026-06-18 06:00:00,1.1487346
2026-06-18 07:00:00,2.185798
2026-06-18 08:00:00,2.7489138
2026-06-18 09:00:00,2.849823
2026-06-18 10:00:00,2.4803612
2026-06-18 11:00:00,1.6729908
2026-06-18 12:00:00,0.6640111
